continent,mean_gdp,max_gdp,min_gdp,sd_gdp
Africa,2193.7545782857374,21951.21176,241.1658765,2827.9298626248496
Americas,7136.11035559,42951.65309,1201.637154,6396.764111749718
Asia,7902.15042805404,113523.1329,331,14045.373111683795
Europe,14469.475533302222,49357.19017,973.5331948,9355.213498375519
Oceania,18621.609223333333,34435.36744,10039.59564,6358.983320689746
